mfcc1,mfcc2,mfcc3,mfcc4,mfcc5,mfcc6,mfcc7,mfcc8,mfcc9,mfcc10,mfcc11,mfcc12,mfcc13,mfcc14,mfcc15,mfcc16,mfcc17,mfcc18,mfcc19,mfcc20,mfcc21,mfcc22,mfcc23,mfcc24,mfcc25,mfcc26,mfcc27,mfcc28,mfcc29,mfcc30,mfcc31,mfcc32,mfcc33,mfcc34,mfcc35,mfcc36,mfcc37,mfcc38,mfcc39,label
-387.6640319824219,120.88709259033205,0.1123344302177429,19.899635314941406,-21.119075775146484,-9.10342025756836,-14.171833992004396,-10.359615325927734,-27.149438858032227,-22.552318572998047,-13.852202415466309,-19.590070724487305,-11.192978858947754,0.2603961527347564,0.0084082828834652,-0.20228111743927,-0.033511109650135,-0.0056130792945623,-0.0026538223028182,-0.001843053731136,0.0165701378136873,0.0102007593959569,0.0155273480340838,0.0072277523577213,0.0433673374354839,0.0706375539302825,-0.5117179155349731,-0.1651212871074676,0.115663431584835,-0.049903318285942,0.0603265613317489,0.0055974326096475,-0.0160353500396013,0.0709756910800933,0.0919891968369484,0.0228316653519868,0.0187431760132312,-0.0354992859065532,-0.0230412986129522,0
-330.865478515625,69.04517364501953,-25.205961227416992,-13.997516632080078,-18.65456771850586,15.56748867034912,11.03685188293457,-32.269500732421875,-28.197736740112305,12.436744689941406,-5.71560525894165,-7.452175140380859,-7.808343887329102,-11.085160255432127,1.0726399421691897,1.8344428539276123,0.6249403357505798,1.3014222383499146,0.927979588508606,1.0807433128356934,1.2311421632766724,0.5947698950767517,-0.6443740129470825,0.0402588844299316,0.8856308460235596,-0.0022230830509215,-2.6051933765411377,-0.6327048540115356,0.7433514595031738,0.5832508206367493,0.5344811081886292,-0.3917067050933838,-0.3373790085315704,-0.1970519125461578,0.0238870475441217,-0.127579852938652,-0.3180398046970367,-0.2049633711576461,-0.131001815199852,1
-319.93243408203125,41.56959915161133,-24.3161678314209,10.0977201461792,-17.136699676513672,-0.3358396291732788,-17.27173614501953,0.1871028840541839,-8.938879013061523,9.406333923339844,-4.762838840484619,-13.9203519821167,-13.75947380065918,1.098809003829956,-0.2315203845500946,-0.99328875541687,-0.1830319911241531,0.3314707279205322,-0.4168215692043304,-0.1376114040613174,0.2379713952541351,0.0489318892359733,0.1446569114923477,0.0711841732263565,-0.1530946940183639,0.0876900926232338,-1.7107845544815063,-0.3241191804409027,0.0744938552379608,-0.0757120698690414,0.2068860381841659,-0.1156007647514343,0.2369294762611389,0.0656332224607467,0.1321502476930618,0.0112807182595133,-0.0293718818575143,0.0896635055541992,-0.0705119520425796,1
-374.4671325683594,134.86489868164062,-6.5707173347473145,6.820403099060059,20.631107330322266,-0.5006282925605774,-5.007903099060059,-8.434412002563477,-9.95366096496582,-7.132455825805664,-1.7705386877059937,3.904656648635864,-3.824591875076294,-0.5017485022544861,-0.3856434524059295,0.0533549822866916,0.1067438498139381,0.0327341258525848,-0.004716127179563,-0.0140904374420642,0.0428408123552799,0.0116324368864297,-0.0911143571138382,-0.0247639119625091,0.0814562663435936,0.0143582206219434,0.0012345706345513,0.031548224389553,0.0365704037249088,-0.0177143439650535,-0.0192671809345483,0.0236177891492843,0.020649803802371,0.0123227695003151,0.031983133405447,0.0127327190712094,-0.03399408608675,-0.0349899381399154,-0.012235932983458,0
-342.7840576171875,139.9983673095703,18.45610618591309,4.4661149978637695,-2.40512752532959,-8.886872291564941,-14.587641716003418,-11.39926052093506,-14.93421459197998,-13.96360683441162,-4.196322441101074,-12.008965492248535,-6.967400550842285,0.2964205741882324,0.4292961061000824,0.2089320719242096,0.0399100482463836,0.1003755629062652,0.0486474148929119,-0.0935058072209358,-0.1021934673190116,-0.0404904745519161,-0.0125570176169276,0.1010474190115928,0.0616559162735939,-0.0286490116268396,-0.6513264179229736,-0.5413777828216553,0.0195290092378854,0.1963634341955185,0.1599287539720535,0.0578098408877849,-0.0120911430567502,0.0520513243973255,0.0741250365972518,0.0210802908986806,0.0601888857781887,0.0476456955075264,-0.0545732304453849,0
-321.5447082519531,104.17225646972656,-75.50674438476562,23.929203033447266,-3.4088034629821777,4.909534454345703,-2.529301881790161,-4.893915176391602,-2.3526530265808105,2.611610412597656,2.256319522857666,-6.158746719360352,-2.9125542640686035,-0.1738568842411041,0.1154805272817611,0.1737082153558731,-0.1004592925310134,-0.0202196445316076,-0.0622097738087177,-0.0392814986407756,0.0636591613292694,0.0064084981568157,-0.0284265633672475,0.0297800786793231,0.0213214829564094,-0.0597772002220153,0.0933435261249542,-0.0579696334898471,-0.0365398526191711,0.0804877281188964,-0.018426215276122,0.0110033135861158,0.0173778366297483,-0.0355520583689212,-0.0242680497467517,0.0483028106391429,0.0073049101047217,0.0223767887800931,0.0354298688471317,0
-254.6755523681641,119.48640441894533,-75.6270751953125,34.54353713989258,-11.855478286743164,18.847719192504883,-19.95744514465332,-24.168514251708984,-25.663389205932617,-12.295960426330566,-8.442955017089844,-17.627655029296875,-0.8575667142868042,-1.7095309495925903,1.3723894357681274,1.1021463871002195,-1.5274555683135986,0.0754516199231147,1.3769681453704834,0.404649406671524,-1.1910626888275146,0.8621779084205627,0.056883554905653,-0.1166519746184349,0.9026281833648682,-0.0779239609837532,3.015660762786865,3.116527795791626,1.0006158351898191,0.4683722853660583,0.5620688199996948,0.0641099959611892,0.2061682045459747,0.2390875965356826,-0.2091207504272461,-0.1694604903459549,0.0596267022192478,0.1009946689009666,0.3750369548797607,1
-320.4329528808594,115.05517578125,-31.0661735534668,47.48577880859375,-3.777861833572388,16.8443660736084,-15.184389114379885,-7.311332702636719,-1.6848245859146118,-15.076139450073242,-7.199242115020752,-1.256717562675476,-1.985225796699524,0.0527788363397121,0.0030294253956526,0.1214222684502601,0.1236504539847374,-0.0540657937526702,-0.0056117479689419,0.1021225005388259,0.0794981643557548,-0.0633438676595687,-0.0032285917550325,0.0225264690816402,-0.0343993790447711,-0.0309573616832494,0.1651394516229629,0.1017007604241371,-0.0518665835261344,-0.026491355150938,0.08692117780447,0.0438856035470962,-0.0722571238875389,-0.0554510131478309,-0.0143195018172264,0.0031602303497493,-0.0120402136817574,0.0084606828168034,0.0193056631833314,0
-242.8607940673828,52.8241081237793,-57.2237434387207,-11.061288833618164,-33.59495162963867,-22.607765197753903,-28.74566078186035,-10.054680824279783,-11.131258964538574,-8.138445854187012,-25.20262908935547,-13.433466911315918,0.124802328646183,-6.839803218841553,1.2397432327270508,-3.086630344390869,-1.5192813873291016,0.1319277137517929,0.9414326548576356,-0.1650869250297546,-0.3482518196105957,-0.0116441641002893,0.6547286510467529,0.0202836152166128,-0.7152522206306458,0.5715534090995789,-7.066926002502441,0.2189053148031234,1.2912029027938845,0.2924444377422333,0.4273023009300232,0.3389337360858917,0.2108427584171295,-0.2807998657226562,-0.4574877619743347,-0.0827918127179145,-0.1366869509220123,-0.1166326180100441,0.0006600457127206,1
-231.2611846923828,109.87995147705078,-38.75352096557617,2.4994168281555176,-50.511863708496094,33.16261291503906,-64.02043151855469,-1.3804736137390137,-22.064453125,10.801450729370115,-2.58337950706482,-15.338680267333984,2.804436445236206,-5.846177577972412,-2.347567319869995,-1.8405193090438845,-3.5520360469818115,-1.365954041481018,-1.890449404716492,-0.2525059580802917,0.4521883726119995,0.4178313016891479,0.6679805517196655,0.8862013220787048,0.1416226923465728,1.0690159797668457,-6.782198905944824,-0.3950880169868469,1.0140423774719238,-1.1963733434677124,0.6396498084068298,-0.7049779295921326,0.5855286717414856,-0.6298964023590088,0.016489440575242,-0.7581964731216431,0.0235257148742675,0.5385825634002686,0.002651795046404,1
-349.34149169921875,119.42292022705078,9.520794868469238,18.263790130615234,6.116514205932617,5.586314678192139,-3.0240931510925293,-6.768765926361084,-9.29533863067627,-11.989330291748049,-11.651140213012695,-8.205248832702637,-10.192460060119627,0.1169450655579567,0.1057049632072448,-0.2581800520420074,-0.0433197431266307,0.1328523010015487,-0.0598558150231838,0.1490011662244796,-0.0048069139011204,0.0349422320723533,0.1254367381334304,0.0402261950075626,0.0045591979287564,-0.0050723515450954,0.1720141023397445,0.0020435713231563,0.0961931049823761,-0.0336191207170486,-0.1274494230747223,-0.0289250873029232,-0.1266291439533233,0.1221097484230995,-0.0223655514419078,-0.071024864912033,-0.034160029143095,0.0068073309957981,-0.023051643744111,0
-330.90631103515625,62.10158157348633,-34.21817779541016,5.387310981750488,10.725454330444336,17.094820022583008,-14.723087310791016,-15.53683853149414,-7.730781078338623,-6.294496059417725,-10.315977096557615,-5.247836112976074,1.021826148033142,-0.2439645081758499,-0.0305070355534553,0.0504328198730945,-0.1405973434448242,-0.1213267669081687,-0.1226080581545829,-0.0001555760682094,0.0410516820847988,0.0502820014953613,0.0839143693447113,-0.0158453695476055,-0.0803520008921623,0.0273761358112096,-0.0303914379328489,-0.0098078828305006,-0.012813027948141,-0.1201810389757156,-0.1329791843891143,-0.0609762221574783,0.0093657178804278,0.0768772587180137,0.0314525514841079,-0.0060102543793618,0.0716556087136268,0.1284999102354049,0.0278952289372682,1
-309.3179931640625,138.27635192871094,-8.802363395690918,12.817153930664062,2.534754991531372,-17.232677459716797,-38.83279800415039,-8.518081665039062,-3.669830799102783,-0.2319686263799667,5.449034214019775,-8.314560890197754,-4.042986869812012,0.126050591468811,0.1761586666107177,-0.0450376234948635,-0.1687339544296264,0.1457259804010391,0.2654984593391418,0.0480383411049842,-0.0613400042057037,-0.0011315875453874,0.0248727742582559,-0.0520872846245765,-0.0458628050982952,0.044584721326828,0.1198915466666221,0.1496497839689254,0.0799885168671608,-0.0108904838562011,0.0020820123609155,0.0945692509412765,0.0974007695913314,0.0322245731949806,0.0076490920037031,0.0632879137992858,0.0734441354870796,-0.0296770110726356,-0.0286604706197977,0
-259.3099670410156,77.06171417236328,14.04644012451172,3.282712697982788,6.169074535369873,20.787813186645508,-2.9465677738189697,1.3806167840957642,-3.324655055999756,-9.69836711883545,-12.116744995117188,-0.1976446509361267,1.4190304279327393,-2.898810863494873,1.6857709884643557,0.5866082310676575,0.4937544167041778,0.3809884488582611,0.730232834815979,0.5838269591331482,0.1904083043336868,0.2908997535705566,0.1506158262491226,-0.0671278163790702,0.3055300116539001,0.4041958451271057,-4.717280864715576,-1.160918951034546,0.0839059427380561,-0.1978555768728256,0.1270743906497955,0.0364544093608856,-0.1378805786371231,0.0825339630246162,-0.0571375042200088,-0.0461516641080379,0.1901021152734756,0.0620752796530723,-0.0186344552785158,1
-243.6524810791016,101.08271026611328,-23.58859062194824,32.90235900878906,-24.088903427124023,0.3281351029872894,-25.491737365722656,11.388344764709473,-16.352750778198242,-0.1625950187444687,-20.332422256469727,0.7409961819648743,-10.566370964050291,-0.6549210548400879,-0.6484169960021973,-0.4353561401367187,-0.2247038185596466,0.0428982973098754,0.4891692996025085,0.2913119196891784,-0.2645338177680969,-0.0962456166744232,0.1571632027626037,0.1574816703796386,-0.2028929889202118,0.2240688651800155,0.0991484522819519,0.0639740452170372,0.1233693286776542,-0.0750593394041061,-0.1938446760177612,-0.0231345351785421,0.017370318993926,-0.070040188729763,-0.1751626282930374,0.0658192336559295,0.0737636089324951,0.1037537828087806,0.0010647134622558,0
-246.86099243164065,93.47577667236328,-37.91266632080078,-5.9869256019592285,-21.95029830932617,-5.951146602630615,-26.39006996154785,-16.48149871826172,-27.86547470092773,-6.103199005126953,-1.9432756900787356,0.0301691647619009,-2.764366388320923,-3.0663201808929443,0.7568002939224243,-1.5508806705474854,-0.7874789237976074,1.0844531059265137,0.2764583826065063,-0.2075963020324707,0.0010134641779586,0.621303141117096,0.0938195958733558,0.1321686804294586,0.3556107878684997,0.1978539824485778,-4.131793975830078,-0.277110755443573,0.9100573658943176,-0.1315454095602035,0.3483734130859375,0.2239490300416946,0.260441392660141,0.1813984513282776,0.0563932918012142,0.2304922491312027,0.0909020230174064,0.1131082028150558,0.1542450487613678,1
-295.5525207519531,104.663818359375,-26.25202178955078,25.840564727783203,5.006170749664307,-23.523212432861328,-48.42319488525391,-15.147223472595217,-9.50688934326172,-10.450054168701172,-17.113910675048828,-19.41378593444824,-19.95474624633789,0.1963217407464981,0.0699149817228317,-0.2343693971633911,-0.2352537810802459,-0.0108871692791581,-0.0989136844873428,-0.2289226651191711,-0.1408227086067199,-0.0171434786170721,0.1520769894123077,0.0160128697752952,-0.0638963803648948,0.0438781380653381,-0.1261899173259735,0.2311044037342071,0.2040185928344726,0.0691865384578704,0.1702174395322799,0.0606960132718086,0.004101070575416,-0.1263816356658935,0.0831290408968925,0.0967129170894622,-0.0480322949588298,-0.09306450933218,0.0098035112023353,0
-302.3140869140625,98.00518035888672,-52.78523635864258,23.738481521606445,0.6923902630805969,-6.01181173324585,-28.036375045776367,1.8612406253814695,-9.497265815734863,-3.381291389465332,-10.264659881591797,-16.02188491821289,-1.4822936058044434,1.694237232208252,-1.1118638515472412,-1.3636126518249512,0.4633241891860962,-0.1654116660356521,-0.0026881338562816,-0.4052273333072662,0.0753758549690246,-0.0837902203202247,0.1077192202210426,-0.0005232311668805,-0.0218918919563293,0.1932079195976257,0.155796006321907,0.1581909358501434,0.0258286874741315,0.1006860956549644,0.1751772612333297,0.001048996229656,0.0319353751838207,0.0056062005460262,-0.060251235961914,0.0059559140354394,0.0019063579384237,-0.0436503626406192,-0.0259299147874116,0
-266.68621826171875,129.76283264160156,-14.372577667236328,36.48703002929688,-17.343786239624023,-0.1652324944734573,3.3180525302886963,-15.24806785583496,-15.64641571044922,-10.69135570526123,-6.121711730957031,-1.2823697328567505,0.229713037610054,0.6197835803031921,0.3674892783164978,0.072795420885086,-0.3738052546977997,0.0041745463386178,-0.1668091267347335,-0.0749697536230087,0.0157876666635274,-0.0151262860745191,-0.0186221115291118,-0.0412763431668281,-0.0465768612921237,-0.130606934428215,0.6272240281105042,-0.2416415959596634,-0.1957210004329681,-0.1225685253739357,-0.141463428735733,0.0777036771178245,-0.0624711140990257,-0.003573898691684,-0.0991643294692039,-0.0883459076285362,0.0107334228232502,-0.0111591508612036,0.0155780492350459,0
-353.7178955078125,41.010284423828125,-43.39702987670898,53.12382888793945,-21.464815139770508,6.141962051391602,-24.39924049377441,-5.940374851226807,-13.086980819702148,-22.103321075439453,-10.068840026855469,-27.68631935119629,13.446638107299805,-0.0828222408890724,0.015745386481285,0.0187063217163085,-0.1057081222534179,0.0162882599979639,0.0392427034676075,-0.0994630008935928,0.0216075181961059,0.0591351836919784,-0.09851586073637,0.0560505539178848,0.0459080040454864,-0.0630797520279884,-0.1177807450294494,0.0366434752941131,0.0347299985587596,-0.1476721763610839,0.0347994640469551,0.0489736869931221,-0.1313506364822387,0.0403449423611164,0.0518559738993644,-0.1111117973923683,0.0780702158808708,0.0133620500564575,-0.0346925072371959,0
-418.5964965820313,138.2979736328125,-18.58353614807129,4.93962287902832,-3.1629977226257324,-20.3883056640625,-9.97679615020752,-12.99497890472412,-14.79176139831543,-8.229883193969727,-4.83222246170044,-8.686137199401855,-12.187557220458984,0.7562334537506104,0.0622403770685195,-0.492515355348587,0.105767548084259,-0.048431783914566,-0.363072007894516,-0.2862761914730072,0.0509361140429973,0.2228672951459884,0.0172703247517347,-0.0300501734018325,0.1585515737533569,0.2117280662059784,-0.0919892415404319,0.3811164498329162,0.3693418204784393,-0.0803990736603736,0.0489029847085475,-0.1791778802871704,-0.1434855312108993,0.0083560347557067,-0.1754287779331207,-0.0101504800841212,0.0792587399482727,0.0555237680673599,0.0028479674365371,0
-320.0307922363281,94.15094757080078,-41.64104843139648,18.836565017700195,-17.355304718017578,-4.179023265838623,-22.045089721679688,2.8063437938690186,-11.789031982421877,-3.233276605606079,-8.227274894714355,-13.23950481414795,-0.3285748660564422,0.3576390147209167,0.1474246233701706,-0.1020608693361282,-0.1815865933895111,-0.1259481757879257,-0.0621108897030353,-0.1243694722652435,0.0543131083250045,-0.0192465968430042,0.041301392018795,0.0087427236139774,-0.1076957434415817,0.0198090765625238,-0.8305128216743469,-0.1856822073459625,0.1651018112897873,-0.0267278347164392,0.2226403206586837,-0.004490153864026,0.1524991691112518,0.1264924257993698,-0.0804840326309204,-0.0332865752279758,0.1432671546936035,0.0878976061940193,0.0210405830293893,0
-274.475341796875,168.5145721435547,-2.8434669971466064,-12.5943603515625,-1.5260324478149414,9.288166999816896,-29.50849723815918,-19.06563186645508,-9.911561965942385,2.464528083801269,-4.34211015701294,-3.2712364196777344,3.425294876098633,1.1667916774749756,0.5267342329025269,0.0801787003874778,0.0520403124392032,0.0831187516450882,0.351902037858963,-0.1329722106456756,0.1402104943990707,-0.0855717957019805,-0.1426697522401809,-0.1287610530853271,-0.0345641188323497,0.3752091526985168,0.5641297101974487,0.5387581586837769,-0.1099516451358795,-0.1755203753709793,-0.0601302199065685,-0.1556518375873565,0.1262996941804886,0.0303967930376529,-0.0961346104741096,-0.0661898329854011,-0.0765983685851097,0.0187331195920705,-0.0986598059535026,0
-156.43800354003906,151.2135772705078,-80.97772979736328,37.04362869262695,-21.22796630859375,6.505490303039551,-16.0306339263916,-43.19702911376953,-31.310701370239254,4.413448810577393,-2.3128201961517334,-24.210739135742188,-0.8552820682525635,-13.702117919921877,-0.1345349252223968,5.147449493408203,-1.9024243354797363,3.8040692806243896,1.2292767763137815,1.2971185445785522,-1.1318883895874023,-1.2395845651626587,0.11995779722929,-0.0217871461063623,1.577318549156189,0.7713300585746765,-2.1765925884246826,-0.1818601340055465,1.0970155000686646,-0.5331688523292542,-0.7827320098876953,-0.4460327327251434,0.0732994601130485,0.3625118136405945,0.7024134993553162,0.0784641280770301,0.349193274974823,0.5558914542198181,0.3233972489833832,1
-291.3695678710937,112.5428695678711,-18.61731338500977,32.30447006225586,-19.554807662963867,-20.194414138793945,-27.60129165649414,-7.094670295715332,-18.519405364990234,-2.53169584274292,-18.315349578857425,-8.386507034301758,-5.295956134796143,0.2407060861587524,0.4145173728466034,0.0695939883589744,-0.0230834260582923,0.2030039280653,0.0211740192025899,-0.0067435181699693,0.0555162690579891,-0.0127698630094528,0.0140498951077461,0.0844342708587646,-0.0719856917858123,0.036015149205923,0.254167765378952,0.1713995188474655,0.0801866501569747,0.0127831324934959,0.0607086792588233,0.0557708628475666,-0.0314334221184253,0.0495817773044109,-0.0126381767913699,0.0529284924268722,0.0044292411766946,0.0048844744451344,0.0123320268467068,0
-390.8373107910156,121.92314910888672,-7.898404121398926,-14.615341186523438,0.7184834480285645,-8.274714469909668,-14.866113662719728,-7.789799690246582,5.559136867523193,-0.109723761677742,-15.734943389892578,-16.142913818359375,-5.277469635009766,-0.661433219909668,-0.5414371490478516,-0.2792093455791473,-0.1541500091552734,-0.0167884211987257,-0.041254635900259,-0.0392900556325912,0.0163800101727247,0.0673509612679481,0.0166416764259338,-0.0091757243499159,0.013131882995367,0.0599645711481571,-0.0365494862198829,-0.1565948128700256,-0.1432694196701049,-0.1207270622253418,-0.0703781768679618,-0.0403358116745948,-0.0359106250107288,0.0015529370866715,0.010399168357253,0.0075357193127274,-0.0192013531923294,-0.0177160874009132,-0.0307777635753154,0
-480.551025390625,61.65070343017578,3.5248687267303467,9.20968532562256,9.988436698913574,7.622300148010254,-11.89608383178711,-19.055442810058597,-16.032323837280273,-6.7053728103637695,-5.637556076049805,-4.923753261566162,-6.798585891723633,-1.295961856842041,0.1496776938438415,0.2321710437536239,0.2068752646446228,0.0820276215672493,0.0386474765837192,0.0702874958515167,0.1739143580198288,0.1059286966919899,-0.0677548050880432,0.0938542932271957,0.07105053961277,0.0319977439939975,-0.8457909226417542,-0.1222937852144241,-0.0951200872659683,-0.0593424849212169,-0.0253363791853189,0.0273191072046756,0.1075907051563263,0.0541116185486316,0.0322152823209762,0.0111561603844165,0.0491273701190948,-0.0397228971123695,-0.0185772720724344,1
-248.6367950439453,68.79959869384766,-60.57796096801758,41.25202941894531,-39.65349197387695,24.98976325988769,-33.57765197753906,-8.604567527770996,-26.34981918334961,-10.146451950073242,-2.342320919036865,-22.926973342895508,7.344492435455322,1.7440602779388428,2.068010807037353,-0.3681895732879638,-0.4430107772350311,0.7681751847267151,0.2175524234771728,-0.1740342825651168,-0.9150739312171936,0.4664908051490783,0.025548854842782,-0.3679284155368805,-0.0486718341708183,0.1758071780204773,-0.419286161661148,-0.1043612137436866,0.0578616000711917,-0.0969367548823356,0.2851835489273071,0.144851341843605,0.2166344076395034,-0.0942291840910911,0.0164915360510349,0.1084293350577354,-0.0720265880227088,-0.0054603149183094,-0.0022465093061327,0
-354.8833312988281,85.06816864013672,-15.68564224243164,-1.7864530086517334,-8.56452465057373,9.437925338745115,-0.925517737865448,1.6824123859405518,-13.360783576965332,2.1626980304718018,3.3894646167755127,-5.9282755851745605,-3.434727668762207,-3.5489273071289062,0.567902147769928,0.488781213760376,0.4221833944320678,0.2899836599826813,-0.1574888378381729,0.5574405789375305,-0.0265961419790983,-0.0985176786780357,0.0066655115224421,0.0138113601133227,0.2055382132530212,0.4720376133918762,-3.414064645767212,-0.5018346905708313,0.2710724174976349,-0.2730378210544586,-0.1340854614973068,-0.0219512842595577,-0.055356990545988,-0.054550677537918,0.2926370203495025,0.1240562051534652,0.165837213397026,0.1171997562050819,-0.0052032615058124,1
-290.1487731933594,66.58694458007812,-37.60091400146485,-10.855789184570312,-22.75455474853516,-16.02432632446289,-18.98421859741211,-19.019662857055664,-19.086408615112305,-4.744752883911133,-7.59466028213501,-4.290788650512695,-6.383923053741455,-0.9142353534698486,0.8019580245018005,1.2169054746627808,0.1958813220262527,0.4510376155376434,0.0652594789862632,-0.149273082613945,-0.2713104486465454,-0.3832679688930511,-0.1493494808673858,-0.1627739667892456,-0.083130195736885,-0.0602630488574504,-0.4532670378684997,-0.3308518826961517,0.150843009352684,-0.0250727068632841,0.0193332564085721,0.1427836865186691,0.1345895230770111,0.1249430179595947,-0.0061679687350988,-0.0545969679951667,0.0327607467770576,0.1547370105981826,0.1542491316795349,1
-111.0777587890625,93.60940551757812,-45.476261138916016,-19.90170669555664,-12.609456062316896,-8.149382591247559,-19.495418548583984,-9.606640815734863,-7.935368537902832,-7.516880512237549,-14.488635063171388,5.812751293182373,4.718738079071045,-20.429222106933597,2.843759536743164,-0.6914732456207275,-0.2235557436943054,-1.146129846572876,0.990736722946167,0.6499048471450806,0.1937653422355651,0.7663530111312866,0.8421932458877563,1.104750156402588,0.8391067981719971,2.231810569763184,-8.61578369140625,0.0623005628585815,0.8509107232093811,-0.4565538465976715,0.4072491526603699,-0.7508647441864014,-0.1850236654281616,-0.5229750871658325,-0.0054400861263275,1.1110823154449463,1.037729024887085,-0.3570104241371155,-0.1453673839569091,1
-269.1775207519531,95.13367462158205,-8.611984252929688,-1.802628993988037,-10.407397270202637,8.021838188171387,-8.645931243896484,-11.31568717956543,0.8046140670776367,1.4951190948486328,-9.419262886047363,-9.29300308227539,-12.918634414672852,-9.628817558288574,2.0782101154327397,0.3341543972492218,-0.4625476002693176,2.16391396522522,0.6596725583076477,0.2437552958726883,-0.7142583727836609,0.1729504466056823,0.0074075879529118,0.2107734233140945,-0.6678813099861145,-0.1739239394664764,-5.024857997894287,-0.40386763215065,-1.163013577461243,-0.918768584728241,-0.0311432778835296,0.1813248097896576,0.2391272932291031,0.1739780455827713,0.3504378199577331,0.165525197982788,0.2864521443843841,0.0281294416636228,-0.0237677451223135,1
-433.71527099609375,47.5666389465332,-1.791433334350586,7.301607131958008,13.917017936706545,7.54653787612915,-10.35926628112793,-11.1796236038208,-12.958466529846191,-4.382192134857178,-4.017257690429688,-0.1172106117010116,-5.613969802856445,-1.6273947954177856,0.0401360243558883,0.3111090660095215,0.2504989802837372,0.140507623553276,0.1734780222177505,0.2088474333286285,0.1066188812255859,0.2174167484045028,0.0542402900755405,0.0035679040011018,-0.0337444394826889,-0.015464368276298,-0.4838334619998932,-0.0145222749561071,0.0445196740329265,0.0162638630717992,0.0450513623654842,-0.0131529476493597,0.0426361039280891,0.0308519005775451,-0.0644720941781997,-0.0162967685610055,-0.0095840692520141,0.0261317864060401,0.0407423637807369,1
-337.8178405761719,79.38423156738281,-23.015323638916016,38.36187744140625,8.938189506530762,14.54269313812256,-30.77558708190918,-4.3361124992370605,-13.45802402496338,-8.456549644470215,-7.822046279907227,-8.56840991973877,2.968193531036377,-0.1142351999878883,-0.0708289369940757,-0.006318318657577,-0.0033277608454227,0.0345133654773235,0.0139338681474328,-0.0088709276169538,-0.0385513752698898,-0.0414989106357097,0.0334772057831287,0.0226097870618104,0.0072384565137326,0.0238135624676942,-0.0139332776889204,-0.0397581346333026,-0.0131253646686673,-0.012581312097609,-0.022844348102808,0.015384686179459,-0.0391018614172935,-0.0717314928770065,-0.0347481742501258,-0.0047532278113067,-0.0123281031847,0.0090329758822917,0.0570280887186527,0
-145.9524688720703,68.89948272705078,-62.417110443115234,-11.699451446533203,-25.428110122680664,-20.46214866638184,-21.963117599487305,-9.627715110778809,-37.62576675415039,-6.606573104858398,-4.995405673980713,-1.3651460409164429,-6.523142814636231,-0.0808370187878608,0.6760775446891785,-0.4084866046905517,-0.3655824363231659,0.3502320647239685,0.0677280277013778,0.0480081364512443,0.0202321894466877,0.2258682698011398,-0.1171759068965911,-0.0967316254973411,-0.0971590429544448,0.0059781447052955,0.1240856572985649,-0.5395550727844238,0.2768737971782684,-0.1121572703123092,-0.0548618659377098,0.121540643274784,0.0143207954242825,0.1120467334985733,0.1149285063147544,0.0396561734378337,0.0033340465743094,-0.0517821088433265,-0.0301730167120695,1
-340.4604187011719,96.02918243408205,-40.06138610839844,23.243579864501957,3.3184573650360107,-8.908400535583496,-21.58951759338379,2.3061723709106445,-10.038433074951172,-7.401182174682617,-10.361055374145508,-13.667387008666992,-2.641556978225708,-0.0574793331325054,0.026165023446083,-0.0026614309754222,-0.0467219427227973,-0.0042391554452478,-0.0568431951105594,-0.0090337730944156,0.0063766939565539,-0.0189184974879026,0.0014066294534131,0.0441712625324726,0.0542062483727932,0.0383585579693317,-0.1289640814065933,0.0162145029753446,0.0772960260510444,0.0511916279792785,0.0785556063055992,-0.0176484212279319,0.0123959118500351,0.0049841539002954,-0.0414983965456485,-0.0336017571389675,0.0153957745060324,0.0031362730078399,-0.0271975230425596,0
-86.45533752441406,119.72308349609376,-104.2904815673828,52.883567810058594,-42.61922073364258,-8.265840530395508,-34.9592170715332,-15.721965789794922,-11.15247631072998,8.553092956542969,-0.2455933392047882,-18.98637962341309,-10.179421424865724,-9.80113697052002,0.4988975524902344,-0.665149986743927,-0.7564176917076111,1.6675786972045898,-0.1578928232192993,1.991718053817749,-1.9164164066314695,-0.0217256695032119,0.9458009004592896,-0.1490415632724762,0.0443202331662178,0.1479437202215194,-8.467806816101074,-0.5304558277130127,0.0661567151546478,-1.5773859024047852,1.1269080638885498,-1.2213637828826904,-0.2287230491638183,-0.1237926930189132,0.1767453849315643,0.4107259511947632,0.3394704759120941,0.1726554483175277,-0.137985497713089,1
-268.9882202148437,137.66632080078125,-15.226271629333496,11.372190475463867,-7.550115585327148,-11.02212905883789,-13.4784517288208,4.406866550445557,-8.021674156188965,-4.022120952606201,-17.955825805664062,-9.7652006149292,-9.510334968566896,-0.270607978105545,-0.0360749922692775,0.1903304755687713,0.1015694811940193,-0.0994416922330856,0.0597790703177452,0.2215688377618789,0.0321830958127975,0.0631903335452079,0.0343111902475357,0.1316959410905838,0.0335242263972759,0.0619580633938312,0.0757588893175125,-0.0582060776650905,-0.0256748050451278,0.0512016266584396,0.0277953557670116,0.0067316917702555,-0.0426626726984977,-0.0014728751266375,-0.0431786626577377,-0.0299709010869264,-0.0237726420164108,0.0429500602185726,0.0219392627477645,0
-318.3818054199219,135.38243103027344,-13.819379806518556,-14.34731388092041,1.1828765869140625,14.507893562316896,-8.993749618530273,-22.632328033447266,-10.07453727722168,4.7679314613342285,-1.7003546953201294,-8.585111618041992,-8.069976806640625,0.0317873060703277,0.012843269854784,-0.020058874040842,0.0039780400693416,0.0186913702636957,0.0060788360424339,0.0155239645391702,0.0197135005146265,0.0081009343266487,-0.0067062014713883,-0.0165804736316204,-0.0015949205262586,0.0008071747142821,-0.0199330616742372,-0.0128604685887694,-0.0035136570222675,-0.0276838485151529,-0.0352729372680187,-0.0146278087049722,-0.0080988053232431,-0.0082760713994503,-0.0003433735109865,0.0063006468117237,-0.0031699300743639,-0.0156033299863338,0.0001752222451614,0
-285.6175537109375,112.19168090820312,2.8433048725128174,15.501036643981934,-2.618615865707397,-3.3934242725372314,-13.423861503601074,2.440932273864746,-14.883819580078123,-13.213802337646484,-20.618793487548828,-10.044260025024414,-7.306046962738037,0.2165466547012329,0.6921064853668213,0.1401817053556442,0.0555186346173286,0.1270175874233245,-0.2624518871307373,0.153509646654129,0.0325048118829727,-0.1765476465225219,-0.2209881246089935,0.0091814342886209,-0.0329265855252742,0.1059382557868957,-0.1453623324632644,-0.2153273224830627,0.0616482235491275,0.0545519962906837,0.0022977280896157,0.1477319896221161,-0.0297559965401887,-0.0136942602694034,0.0851094350218772,0.0213321521878242,-0.0446891710162162,0.006943944375962,-0.0271848943084478,0
-294.4447021484375,190.2127685546875,-37.87333297729492,-7.730257987976074,13.68712329864502,0.4712921977043152,-11.860249519348145,-0.311321347951889,-5.016556262969971,-0.4574805796146393,-6.23624849319458,-5.990216255187988,-8.986693382263184,-0.1267939507961273,-0.2418352365493774,-0.0398499406874179,0.0531313866376876,-0.1151130124926567,0.0501968599855899,0.1902737319469452,0.0497042275965213,-0.0185838844627141,0.0773698687553405,-0.0502957291901111,-0.0821410194039344,0.0856514722108841,0.5177654027938843,0.3750146925449371,0.0553810335695743,0.0356242731213569,0.0077131106518208,0.0038875045720487,-0.0171310734003782,-0.0329945608973503,-0.0510369129478931,0.0280723702162504,0.034496858716011,0.0147086959332227,0.0158270206302404,0
-380.94873046875,163.40907287597656,53.45578384399414,-2.36539888381958,-18.22637939453125,-13.633913040161133,-14.093905448913574,-12.576801300048828,-10.324302673339844,-9.331429481506348,-8.314712524414062,-9.981731414794922,-2.8478078842163086,-0.298549085855484,-0.2437568008899688,-0.0077982768416404,0.1736846566200256,0.2216899693012237,0.0513557866215705,-0.0969014093279838,-0.0833954215049743,0.0162537768483161,0.0558842085301876,0.0521976575255394,-0.0067072692327201,0.0123376110568642,-0.3854515850543976,-0.3194796144962311,-0.0689223557710647,0.0130335455760359,0.0965616703033447,0.0466371923685073,0.0050410316325724,0.0568312332034111,0.0365840122103691,-0.0056012440472841,-0.0135195590555667,-0.032796423882246,-0.0490271262824535,0
-78.930908203125,123.05557250976562,-97.31238555908205,57.38758850097656,-51.057167053222656,1.0065288543701172,-33.06849670410156,-15.99916934967041,-1.8838953971862795,3.1738007068634038,1.635475993156433,-17.7175350189209,-8.080399513244629,-10.757597923278809,0.4283075332641601,2.5408711433410645,-0.4158817529678345,2.6678261756896973,0.0136217856779694,2.327076196670532,-2.0280797481536865,0.8493986129760742,0.9110437631607056,-0.1515404880046844,0.3019094169139862,-0.2105316519737243,-7.7238264083862305,-1.064876914024353,0.6796910762786865,-1.60191011428833,1.4481035470962524,-1.048192858695984,0.2643131613731384,-0.1807198524475097,-0.1353039741516113,0.1342245191335678,0.2794642150402069,0.209428921341896,-0.0814519599080085,1
-348.91583251953125,89.72189331054688,-9.216523170471191,28.56062126159668,-0.7483658790588379,-11.91050148010254,-17.347610473632812,-13.152215003967283,-4.091543674468994,-3.865000486373901,-7.575310707092285,-9.41962718963623,2.914126396179199,-0.1735798120498657,-0.1238923370838165,0.0031316776294261,-0.0161700341850519,-0.0281415618956089,-0.0163459237664937,-0.0099752265959978,0.0114695085212588,0.0582587756216526,0.1096419468522071,0.0885425433516502,-0.0149894366040825,-0.1059498935937881,0.2348425090312957,0.2223673015832901,0.0873815938830375,0.0874222815036773,0.1021340861916542,0.0593528263270854,0.0124408435076475,0.0170443095266819,0.0359678044915199,0.0181100349873304,-0.0005206656642258,-0.0046997792087495,-0.0094561036676168,0
-285.1648864746094,99.016845703125,-4.386644840240479,46.11915969848633,-6.325637340545654,-10.28974437713623,-27.41374015808105,-8.740774154663086,-16.439756393432617,2.3013482093811035,-21.035058975219727,-7.079645156860352,0.1227763667702674,0.6261969804763794,-0.1216633915901184,0.1480746418237686,0.1753231436014175,-0.3842882812023163,0.0280729476362466,-0.0898853540420532,0.2995792627334595,0.0446540191769599,-0.045063592493534,-0.1346420794725418,0.0384415052831172,0.1699859797954559,0.0635493621230125,0.2553426027297973,-0.064788281917572,0.0024751024320721,0.1471418887376785,-0.1179026663303375,0.050459861755371,-0.1390789002180099,-0.0341722182929515,-0.002261894987896,-0.0829576402902603,0.0225061774253845,0.0302071608603,0
-163.7747802734375,132.03016662597656,-49.17131805419922,19.21288299560547,18.18302345275879,25.779376983642575,-15.19716739654541,-28.16181945800781,3.33762526512146,-5.680375576019287,-18.87703895568848,-13.793636322021484,-2.6008012294769287,-6.0968122482299805,0.9663172364234924,1.8045146465301516,-0.5149649381637573,-0.1646047085523605,-0.109572485089302,1.1606682538986206,1.0234613418579102,0.7913607358932495,0.8179022073745728,-0.1316545903682708,-0.2319750934839248,-0.4258051514625549,-2.664400100708008,-0.627355694770813,-0.1829925626516342,-0.0055917166173458,-0.1294120550155639,-0.1096292436122894,-0.2240571081638336,0.1116122454404831,0.0742998719215393,0.0278358124196529,0.3366488814353943,0.0531403236091136,0.0031451098620891,1
-346.5055847167969,89.07803344726562,-20.722585678100582,6.400391578674316,-7.773622512817383,-0.5969506502151489,-13.539643287658691,-22.75789451599121,0.6556397080421448,-3.6526784896850586,-18.58681297302246,-9.127330780029297,-4.625011920928955,-10.519498825073242,3.033299684524536,1.758571743965149,1.3525484800338743,3.581676721572876,0.2342488467693328,0.8645057082176208,-0.2324258387088775,-0.939096748828888,-0.1002124845981597,-0.4187721014022827,-0.5647876858711243,-1.717383623123169,-6.8221282958984375,-1.832088112831116,0.3653450906276703,0.9946110844612122,0.444843977689743,-0.3207416832447052,0.0833606496453285,0.1354108452796936,-0.054873201996088,0.2071728557348251,0.2016869485378265,0.6930762529373169,0.3985572159290313,1
-349.9783020019531,107.23707580566406,-25.73889923095703,52.39934539794922,-26.03376579284668,10.892821311950684,-25.95710563659668,-0.7176795601844788,-5.21962308883667,0.1042418554425239,-3.6141884326934814,-10.490782737731934,4.066168785095215,-0.0674134641885757,0.0002512483624741,0.028723569586873,-0.0630427822470665,-0.0475348457694053,-0.0662123337388038,-0.0024544643238186,0.045495219528675,-0.0418403670191764,-0.0267216209322214,-0.015124948695302,0.0044235284440219,0.0075518698431551,0.0371915958821773,0.0213983803987503,-0.0272747632116079,-0.0133685572072863,0.0371240973472595,0.030645502731204,0.0029511319007724,0.0114179272204637,0.0066285929642617,-0.0211388375610113,-0.0125189265236258,0.0150557709857821,0.0102021349593997,0
-203.75811767578125,52.9058837890625,-0.2716687321662903,-11.49306869506836,-49.96149063110352,-5.735136985778809,-20.74146842956543,-11.947540283203123,-21.034351348876957,-26.89222717285156,-17.837120056152344,10.369264602661133,-7.388680934906006,-2.408953905105591,1.0091696977615356,-0.3912213742733001,-1.0549309253692627,0.3218946754932403,-0.135217860341072,-0.2724404335021972,-0.1070899367332458,-0.1583520472049713,-0.012440568767488,-0.2691864371299743,-0.6820077896118164,0.4283388257026672,-1.2326340675354004,0.0013074874877929,0.3065451681613922,0.3470855057239532,0.2941642105579376,0.0084348823875188,0.4899663925170898,-0.1560698300600052,0.1147322207689285,0.2679050266742706,-0.0201869960874319,0.0388215854763984,0.0442738607525825,1
-383.2535400390625,90.20442199707033,-34.2769889831543,18.83287048339844,-14.506566047668455,-0.2855741083621979,-8.377689361572266,-40.44637298583984,-8.426453590393066,-6.529783248901367,-15.319632530212402,1.2369452714920044,-2.741116523742676,-1.2355295098132046e-07,0.0,-3.8610297181662645e-09,3.088823774533012e-08,3.088823774533012e-08,1.5444118872665058e-08,0.0,1.5444118872665058e-08,-7.722059436332529e-09,1.5444118872665058e-08,1.5444118872665058e-08,7.722059436332529e-09,5.791544577249397e-09,7.722059436332529e-09,3.088823774533012e-08,1.5444118872665058e-08,3.474926657531796e-08,1.737463328765898e-08,-1.737463328765898e-08,-1.5444118872665058e-08,-3.088823774533012e-08,2.7027207138985432e-08,-1.1583089154498794e-08,-3.8610297181662645e-09,-1.9305147702652903e-08,-1.9305148590831323e-09,0
-287.8112487792969,124.63262939453124,-91.71475982666016,28.874420166015625,14.643741607666016,6.415920734405518,-21.36040687561035,0.9633838534355164,-2.043555498123169,-0.2849192321300506,6.491250514984131,-8.350576400756836,-3.30033278465271,0.0847583934664726,-0.0023112420458346,-0.0528212077915668,0.0048849270679056,-0.0579641908407211,-0.027061516419053,0.0031365270260721,-0.0184006318449974,0.0381503738462924,-0.0264808982610702,-0.0371928066015243,0.0197202023118734,-0.0592180714011192,-0.1214523315429687,0.1022086516022682,0.0389758571982383,-0.1109941825270652,0.0872337371110916,-0.0075366985984146,-0.0402396507561206,0.0105104986578226,-0.0220615323632955,-0.0148874782025814,0.0153798777610063,-0.0160863660275936,0.0040738643147051,0
-265.7378845214844,132.89767456054688,-90.25778198242188,23.28784942626953,21.18188095092773,-1.9628608226776123,-23.76898956298828,1.155517816543579,1.7034889459609983,-1.5898804664611816,0.4264634847640991,-11.288630485534668,-5.100672721862793,0.5363849997520447,0.2292383164167404,-0.1481250673532486,-0.0574298538267612,-0.1895231157541275,-0.0707684680819511,0.0451379716396331,-0.0462503582239151,0.0793854594230651,0.3356138169765472,0.2836847305297851,-0.0314502567052841,-0.0855752006173133,-0.0336224101483821,0.0254034101963043,0.0054569244384765,-0.0616680793464183,-0.028343379497528,-0.0411959327757358,-0.0234839953482151,-0.026813955977559,-0.0423957295715808,0.0240971446037292,0.0254339203238487,-0.0472341775894165,-0.0783199071884155,0
-228.69656372070312,66.36344909667969,-28.851608276367188,40.82220077514648,-5.565321445465088,14.507932662963867,-19.511186599731445,-18.882434844970703,-3.600979804992676,-3.8395450115203857,-11.70072078704834,-2.293829202651977,-2.7394673824310303,-1.2442556619644165,0.5539036393165588,0.1274760514497757,-0.3515833616256714,1.047463059425354,1.665877103805542,2.8665716648101807,2.1013615131378174,0.1184695437550544,1.3347368240356443,0.8184683322906494,-0.1957827061414718,0.6730666756629944,-0.4756781160831451,-0.13864566385746,-0.2154907435178756,0.7669349908828735,-0.016538843512535,-0.7435007691383362,-0.2401918768882751,-0.5474358201026917,0.1112266182899475,-0.1362022012472152,-0.2976801097393036,0.3638003766536712,0.0314657911658287,1
-437.5623779296875,39.30177307128906,-17.37989044189453,-5.670287609100342,-8.894562721252441,3.106149673461914,-5.989505290985107,-5.480011940002441,-6.358084201812744,1.571149468421936,-7.373055458068848,-8.05484390258789,-12.149701118469238,-4.925295829772949,0.3222197294235229,0.1273776143789291,0.7169176936149597,0.8682131171226501,0.4514337182044983,0.2316260933876037,0.1803274303674698,-0.1744396388530731,0.0199997350573539,-0.1674820035696029,-0.1548034697771072,-0.1259967386722564,-1.1790931224822998,-0.3041904270648956,0.0610027872025966,0.0531589835882186,0.0630428045988082,-0.1705874949693679,-0.054127749055624,-0.0360464490950107,-0.0755580291152,-0.0588737986981868,0.021389914676547,-0.078568197786808,-0.0206763204187154,1
-294.5065612792969,138.073486328125,-14.683505058288574,47.64983367919922,-23.70354652404785,5.275706768035889,-18.232704162597656,-3.463720321655273,0.7579875588417053,-16.61329460144043,-4.202686786651611,-3.6124961376190186,-3.010658264160156,0.0011678059818223,-0.0045149303041398,-0.0181686580181121,-0.0345180965960025,-0.0183316189795732,-0.0177063345909118,0.0349327847361564,0.0831696614623069,0.0374732054769992,0.0404386296868324,0.011866008862853,-0.0706893354654312,-0.0536116026341915,-0.0589214153587818,-0.0320174098014831,0.0130114099010825,0.0233133230358362,-0.0002523195289541,0.0201324969530105,-0.0015528883086517,-0.0193512327969074,0.0357096903026104,-0.0011709803948178,0.0269047152251005,0.0722098723053932,0.049806635826826,0
-379.2466430664063,110.6800537109375,11.985732078552246,38.34122085571289,7.93179988861084,-22.131553649902344,-29.813852310180664,-12.945075988769531,-14.795089721679688,-9.964608192443848,-23.42186546325684,-20.07801055908203,-6.317052364349365,0.0010691623901948,0.0012920603621751,0.0006946488865651,-0.0001096164487535,-0.0008913769270293,-0.0014276504516601,-0.0015656340401619,-0.0012661522487178,-0.0006144560757093,0.0002039834507741,0.0009568719542585,0.0014312313869595,0.0014940056717023,-0.00100804772228,-0.0012197775067761,-0.000660709280055,9.330113971373066e-05,0.0008287616656161,0.0013374955160543,0.0014755491865798,0.0012040325673297,0.0005997396074235,-0.0001666639436734,-0.0008792012231424,-0.0013376988936215,-0.0014144532615318,0
-328.1483459472656,70.89302062988281,-25.01719284057617,9.877241134643556,13.76937198638916,13.610763549804688,-11.49864101409912,-17.680816650390625,-2.25846266746521,-3.623320817947388,-11.723344802856444,-7.7489333152771,-0.6186025142669678,-0.1404232680797577,-0.042755376547575,-0.0550772361457347,-0.2863019406795501,-0.2109913527965545,-0.0246633179485797,0.0696500167250633,0.1096574440598487,0.100294254720211,0.138555571436882,0.0886123776435852,-0.059851486235857,-0.053213782608509,0.0628603771328926,0.0221936460584402,0.0331635624170303,0.0801362693309784,-0.0191095955669879,-0.0335005708038806,0.0137320132926106,-0.0169650893658399,-0.0270136669278144,-0.0054526189342141,0.0291746277362108,0.0350963473320007,-0.0245461091399192,1
-299.60821533203125,112.9257354736328,-37.18479537963867,22.626110076904297,-8.07520580291748,-11.25687313079834,-25.19032859802246,3.317269086837769,-14.353493690490724,-8.487039566040039,-10.809107780456545,-15.540608406066896,-5.5843505859375,0.7650083899497986,0.2023879736661911,-0.021483689546585,0.0600079335272312,-0.2286135405302047,0.0565262921154499,-0.1609432101249694,-0.1190972775220871,0.0613699704408645,-0.0570842809975147,-0.1233462616801261,-0.0337614975869655,-0.0304040983319282,-0.7910611629486084,-0.1266150474548339,0.1816798746585846,0.0264991875737905,0.2501053214073181,-0.0339200049638748,0.144975870847702,0.1045509204268455,-0.0874573811888694,-0.0603540800511837,0.1848814636468887,0.1279627084732055,-0.0443149469792842,0
-206.52867126464844,15.838841438293455,-34.51276397705078,-5.013964653015137,-18.76462745666504,-6.795949459075928,-13.25487995147705,-0.1082554683089256,-13.722147941589355,15.175040245056152,-15.938003540039062,-18.020496368408203,-10.237666130065918,0.1492275297641754,2.968099355697632,0.0113727301359176,-0.3079202771186828,0.0359251908957958,-1.453125,-0.2379290461540222,-0.3444450795650482,-0.0787760019302368,0.1354152709245681,-0.4594619274139404,0.0381713174283504,0.0725948885083198,-2.9552271366119385,-0.8536668419837952,0.074133962392807,0.214941531419754,0.1373859196901321,0.3493015170097351,-0.0864696949720382,0.1310627609491348,0.4968368411064148,-0.0884553790092468,0.2095193415880203,-0.0673925206065177,0.1598371118307113,1
-312.52197265625,71.8817138671875,-30.691795349121094,-17.08928108215332,-25.3332633972168,22.061668395996094,13.26182460784912,-22.498523712158203,-21.550636291503903,9.206703186035156,-11.197185516357422,2.048846244812012,-11.128803253173828,-8.06704330444336,0.5954990983009338,-0.338605672121048,-0.81486576795578,-0.1264747232198715,0.9881228804588318,1.2976770401000977,0.6547263264656067,1.6708258390426636,0.888047456741333,0.3575732111930847,1.5560065507888794,1.0297329425811768,-4.832967281341553,0.0287297070026397,0.4888688027858734,0.0657223165035247,0.2879796624183655,-0.6714620590209961,-0.3544985949993133,-0.4253867566585541,-0.3691490888595581,-0.3698304891586303,-0.6953713297843933,-0.7725101113319397,-0.1616608500480651,1
-294.0340881347656,34.52204895019531,-38.28175354003906,0.0362610705196857,-24.55697631835937,-9.034600257873535,-22.9471435546875,-11.427541732788086,-21.283775329589844,-6.101131916046143,-1.1073758602142334,0.1484377831220626,-3.4406991004943848,0.3639616668224334,2.079579591751098,0.4495254158973694,-0.8267893195152283,0.1878180205821991,-0.4678398072719574,-0.1907461881637573,0.0921675041317939,-0.3016348779201507,-0.2503404915332794,0.0784273296594619,0.0803958103060722,-0.0413752198219299,-0.9899963140487672,-0.6595016121864319,0.1724379658699035,0.0331922061741352,0.0032142279669642,0.2534560263156891,0.0124280685558915,0.1520865559577942,0.2103042602539062,0.0449821166694164,0.1158749908208847,-0.0879488214850425,0.0421542301774024,1
-162.09201049804688,110.34525299072266,-45.23368835449219,-7.32243537902832,-6.214107036590576,-7.439342021942139,-18.74342155456543,-22.80672645568848,-22.87662506103516,-21.88506507873535,-21.66697120666504,-19.88383674621582,-22.57706451416016,-16.976520538330078,1.1164852380752563,3.474264621734619,0.3975935578346252,1.020380973815918,0.9382819533348083,1.0912225246429443,-0.1988715529441833,-0.4062269330024719,-0.0071595865301787,-0.3834713399410248,-0.8799735903739929,0.183282122015953,-3.9363315105438232,-1.5241892337799072,-0.2843473553657532,0.4936754405498504,0.070245161652565,-0.1508327573537826,0.0429791919887065,-0.0907822623848915,0.102704033255577,-0.0180378090590238,0.4100672006607055,0.5498413443565369,0.6731410622596741,1
-305.018798828125,114.98274993896484,-82.05607604980469,42.61549758911133,31.694345474243164,-0.3366831243038177,-23.1792049407959,-4.829973220825195,-4.175103187561035,-2.2732045650482178,-5.04232120513916,-13.237375259399414,-0.9658358097076416,1.653532862663269,-0.3646838963031769,-0.7292274832725525,0.3923775553703308,0.2112853527069091,-0.0740838423371315,-0.1893616020679474,0.0128724817186594,0.1503665149211883,-0.0016706231981515,-0.0698606222867965,0.0342860706150531,0.0301521234214305,0.0246890056878328,0.0449403375387191,0.2868856787681579,-0.1472893059253692,-0.0034565844107419,-0.1057220846414566,0.0639415308833122,0.0811893045902252,-0.0126983234658837,-0.0291705392301082,-0.0081804245710372,0.054934274405241,-0.010167958214879,0
-254.1904754638672,69.53153991699219,-23.859167098999023,-8.21274471282959,-27.05583381652832,-14.809844970703123,-11.476958274841309,-11.735777854919434,-24.71197509765625,1.6779181957244873,-13.707138061523438,-6.079357624053955,-19.47814178466797,-9.041461944580078,2.367478132247925,0.773891270160675,-1.3409396409988403,1.1337196826934814,0.2291349917650222,0.0241258572787046,-0.5914086699485779,0.3373625576496124,-0.5928013324737549,-0.4114863574504852,-0.4891929626464844,0.1195171624422073,-2.687326192855835,-0.5025959014892578,-0.11220533400774,0.2851954102516174,0.0529338754713535,-0.2752022445201874,0.0799738690257072,0.1479212343692779,0.0989041104912757,0.4262318909168243,0.4321120977401733,0.3829070031642914,0.0130385942757129,1
-223.28662109375,82.81010437011719,-58.66973114013672,57.41788864135742,-25.75242042541504,35.06095504760742,-36.20511245727539,-5.222814083099365,-13.135273933410645,6.386828899383545,0.0288743656128644,-14.108233451843262,8.302651405334473,-0.2509012520313263,0.0953118577599525,0.0977264195680618,-0.1863472163677215,-0.0098661426454782,0.0032426391262561,-0.0051934174261987,-0.0396203771233558,-0.0549167394638061,-0.079309694468975,0.0099082961678504,0.0211302004754543,-0.0421732179820537,0.0535671189427375,-0.0732858851552009,-0.0091795455664396,0.0881350040435791,-0.0239489674568176,-0.0029628137126564,0.0112624214962124,0.023342827335,-0.0026517026126384,-0.0089298402890563,0.0259119812399148,0.0177575089037418,-0.0274772252887487,0
-281.6109924316406,89.80037689208984,-58.14482116699219,25.557100296020508,-34.37551498413086,-22.387771606445312,-20.797996520996094,-16.4609375,-0.0057276436127722,-14.55654239654541,-6.637295722961426,0.0399005711078643,-8.78990364074707,2.297013759613037,0.6077501773834229,-0.4132112562656402,-0.1198424398899078,-0.1286567896604538,-0.2094188928604126,-0.3234512507915497,-0.1607708781957626,0.0507979430258274,0.0453871116042137,-0.0529440864920616,0.0123297870159149,0.0700643658638,0.0974479168653488,-0.0244838390499353,0.3171997666358948,-0.0477647371590137,0.1148865297436714,0.0634314194321632,0.0735445022583007,0.0581026375293731,-0.0491409488022327,0.0755063816905021,0.0209847632795572,-0.0439986996352672,0.0208321455866098,0
-267.05242919921875,127.4448699951172,-24.08005142211914,-11.85288143157959,-2.187791109085083,-19.18546485900879,-27.752418518066406,-16.794897079467773,-41.52425003051758,-23.738510131835938,-27.87138938903809,-14.035971641540527,-3.549705743789673,-7.819156169891357,-1.3119592666625977,2.570781946182251,2.4660913944244385,0.0407241992652416,0.9277558326721193,2.4484755992889404,0.1908153444528579,1.6244328022003174,0.2259298712015152,0.4423808455467224,0.7597538828849792,-0.5991461873054504,-4.303789138793945,-0.4401492178440094,0.3797298669815063,0.0954346805810928,-0.0237107872962951,-0.007127015851438,0.6130247712135315,0.2630678117275238,0.2961510717868805,0.980390965938568,0.5083855986595154,0.618203341960907,0.3375371396541595,1
-349.2681579589844,75.35960388183594,-46.294864654541016,27.03175163269043,-3.182668209075928,11.36793327331543,-5.003803730010986,-7.592698574066162,-17.835865020751953,-4.07079029083252,-4.897669792175293,-15.479802131652832,1.51844322681427,-0.107193611562252,3.580629825592041,0.7838823795318604,-1.2015405893325806,2.031996488571167,0.1254975944757461,-0.3955867290496826,-0.4706292450428009,0.3457390666007995,-0.5940155982971191,-0.7415281534194946,0.1023528799414634,0.0986287668347358,0.9905827641487122,-0.1344839334487915,-0.7784498333930969,0.2553068995475769,0.4447478353977203,0.2888097167015075,0.0642760097980499,0.065539538860321,-0.3218260705471039,-0.1784125119447708,0.6796153783798218,0.2211263179779052,-0.5321232080459595,1
-127.9900894165039,60.66146469116211,-52.65056228637695,37.85638046264648,-12.63647747039795,14.208008766174316,-16.42559814453125,-15.668231010437012,-5.532829761505127,-4.251875877380371,-9.025015830993652,-6.750082492828369,0.4479887783527374,-7.549384593963623,3.719096183776856,0.5515385270118713,0.9664802551269532,1.1331119537353516,2.3859164714813232,2.735870838165283,0.8506640791893005,1.0460069179534912,0.1628242433071136,0.7674850821495056,-0.6618363857269287,-0.6960298418998718,-11.68539047241211,-0.6494892835617065,1.0340790748596191,-0.4718489348888397,0.5679568648338318,-0.4770175218582153,-0.1963910609483719,-0.1209210902452468,0.1429311782121658,-0.0543438047170639,-0.021387880668044,0.1824678778648376,0.370334655046463,1
-338.0835876464844,64.6622314453125,-30.93672561645508,-10.886347770690918,-28.09334754943848,-15.586407661437988,-21.041305541992188,-14.050165176391602,-33.56473922729492,-10.5950927734375,-8.762250900268555,1.5166170597076416,-5.745567798614502,-1.4878928661346436,-0.1706656962633133,-0.943808376789093,-0.3831856846809387,0.2680069804191589,-0.2439594268798828,0.0957996845245361,-0.4324915409088135,-0.0015280544757843,0.3192905783653259,0.484446108341217,0.1194339171051979,0.0288795530796051,-3.5076255798339844,-0.3498817086219787,0.6011186838150024,0.0314893350005149,0.251801997423172,0.1331031620502472,0.3186378479003906,-0.0652472153306007,0.4372393488883972,0.1076150983572006,0.1813928782939911,0.018405258655548,-0.0428092591464519,1
-268.3833312988281,120.03803253173828,-34.12734603881836,57.01491165161133,5.903951168060303,7.027592658996582,-22.773590087890625,8.61240005493164,-23.019880294799805,14.801990509033203,-8.261518478393555,-16.045854568481445,10.290054321289062,0.6644952893257141,0.8119806051254272,-0.1164315193891525,-0.1621974408626556,0.2666933834552765,0.0943902358412742,0.0151014067232608,-0.2152445316314697,-0.1428199410438537,-0.0674215406179428,0.047725211828947,-0.1081385239958763,-0.0947703570127487,-0.9502024054527284,-0.1460855305194854,0.2805522978305816,-0.2149700969457626,-0.058394405990839,-0.0640535131096839,0.0462466701865196,0.035584732890129,0.1096828430891037,-0.0238968320190906,-0.0071995840407907,0.0725298598408699,0.0339956358075141,0
-131.3125,124.4171371459961,-114.16984558105467,50.44534683227539,-42.292274475097656,12.795814514160156,-44.05805587768555,-4.832620143890381,-18.75482177734375,2.6607825756073,-3.384905338287353,-21.98790168762207,6.137553691864014,-14.397944450378418,1.093148946762085,4.897207736968994,-2.271706342697144,3.4483890533447266,-0.0532888248562812,0.1699320673942566,-0.9198479652404784,0.0404881797730922,-0.3180286288261413,0.8133720755577087,0.2102515250444412,0.8078420758247375,-5.614032745361328,-0.7967547178268433,1.394846796989441,0.3270530998706817,0.7152107357978821,-0.665478527545929,0.7018873691558838,-0.4760476052761078,0.4187691807746887,-0.0221274737268686,0.0377461016178131,0.2540355026721954,0.3506430387496948,1
-271.7590026855469,71.48155975341797,-40.54479217529297,34.619415283203125,-31.83240127563477,11.993221282958984,-29.82596969604492,5.119174957275391,-17.696643829345703,6.627520561218262,-5.058216571807861,-12.464315414428713,4.115977764129639,1.3481651544570925,0.430171936750412,-0.2842572927474975,0.0192055497318506,-0.2705298066139221,0.0947837382555008,0.0343579165637493,-0.0508958995342254,-0.057414136826992,0.0006503198528662,0.0500228740274906,-0.075853943824768,0.0395226404070854,-0.033663522452116,0.0721173658967018,0.0749314799904823,-0.0155985662713646,0.009575548581779,-0.04485684633255,-0.0631278082728385,-0.0244850870221853,0.0222588311880826,0.0353372320532798,0.0044043334200978,0.0170985385775566,0.0195281971246004,0
-183.8666839599609,76.2477798461914,2.141530990600586,0.7595967054367065,-49.129581451416016,-4.651462078094482,-12.0011568069458,-11.492206573486328,-19.9754581451416,-15.751900672912598,-10.21607780456543,9.37197208404541,-12.243468284606934,-11.609684944152832,-0.0284165926277637,-0.0637041628360748,-0.426287978887558,0.3857044279575348,-0.6655211448669434,0.3618617057800293,-0.0414758659899234,0.1492016613483429,0.0209427382797002,0.5061095952987671,0.1088778749108314,0.0942678153514862,-4.757158756256104,-1.0748845338821411,0.394632488489151,0.0172384120523929,0.7592695951461792,0.6436851024627686,0.2408646196126938,0.088040754199028,0.2770009636878967,0.5221429467201233,0.3832046389579773,0.0412519834935665,0.6886301040649414,1
-428.408935546875,45.69399642944336,-1.6304863691329956,2.501583814620972,4.872337341308594,3.760960340499878,-16.210878372192383,-13.959206581115724,-18.91744804382324,-8.929012298583984,-5.865513324737549,-1.7896332740783691,-8.54940128326416,-1.309916615486145,0.3383771777153015,-0.2264852225780487,0.0251014325767755,-0.1560431718826294,0.0910089910030365,0.0898469090461731,0.0468990728259086,0.2741060554981231,0.0199311040341854,0.1450943499803543,0.1008111238479614,0.2022952139377594,-0.7454984188079834,0.0446000471711158,0.0722768008708953,0.0885150134563446,0.16275355219841,0.0025290527846664,0.0891911908984184,-0.0245518703013658,-0.1046022698283195,-0.037107553333044,-0.0648771673440933,-0.1007339879870414,0.0214476156979799,1
-315.7301025390625,114.57411193847656,-38.47904586791992,25.678268432617188,-3.50718092918396,2.2569921016693115,0.82704758644104,-3.5381906032562256,-10.667248725891112,1.5633689165115356,-1.991921305656433,-4.729196071624756,2.4829890727996826,-1.5588983297348022,-0.4123479425907135,0.3997428119182586,-0.0724577829241752,0.2367229759693145,-0.0062173418700695,0.1295395344495773,0.102052591741085,0.0909945219755172,0.0554000996053218,-0.0074577406048774,0.1024107858538627,0.0702501088380813,0.0913021266460418,-0.1613569259643554,-0.1341035664081573,0.0005113433580845,-0.0867911428213119,0.0061581125482916,-0.0255518052726984,0.0021227153483778,-0.0046352627687156,0.0077859768643975,0.0240323971956968,-0.0155610544607043,-0.0139468843117356,0
-105.29412841796876,103.43054962158205,-34.02725601196289,-7.213671207427978,1.611284255981445,-3.452420711517334,-4.007766246795654,-3.843202590942383,1.127476453781128,6.422135829925537,-10.921035766601562,12.269760131835938,12.447868347167969,-20.20901298522949,2.3286821842193604,-0.6878151297569275,-0.4052457213401794,0.5518820285797119,2.6686840057373047,0.3769613206386566,1.1209040880203247,2.204573392868042,1.426099419593811,1.136023998260498,0.8941527605056763,1.894946575164795,-7.412405967712402,0.0889451429247856,0.783547580242157,-0.5909258723258972,0.0115731162950396,-1.3146008253097534,-0.586858332157135,-2.18753719329834,-1.0661932229995728,0.565589189529419,1.2061477899551392,0.4989130795001983,-0.721063494682312,1
-245.95220947265625,155.29747009277344,-34.034454345703125,47.93195343017578,-0.581902027130127,-3.412277936935425,-9.584900856018066,0.5597212910652161,-18.907791137695312,14.046340942382812,-15.730992317199709,-11.9718599319458,10.39035987854004,-0.1383581757545471,-0.0746928825974464,0.0030476034153252,0.0184299759566783,0.0400605909526348,0.0542975552380085,-0.0435368530452251,-0.0620203502476215,0.0775167122483253,0.0074597960337996,0.0238779205828905,-0.0007001591147854,-0.0253850221633911,-0.1601020246744156,-0.1870440989732742,-0.0150892902165651,0.083002008497715,0.0040316120721399,-0.071737140417099,-0.0497491993010044,0.0702499821782112,0.0742013528943061,-0.0148626398295164,-0.0588282234966754,-0.0263146888464689,0.0468076169490814,0
-378.2308349609375,115.73126983642578,-76.641357421875,14.352998733520508,13.173876762390137,7.216410636901855,-10.063158988952637,-4.567793369293213,-2.8160572052001958,-1.5587352514266968,-0.279572069644928,-9.391751289367676,-4.269560813903809,0.3349091112613678,0.1238461881875991,-0.1335942149162292,-0.0995096564292907,-0.0450475588440895,0.1249333992600441,0.0183339901268482,-0.1520152986049652,-0.0453205741941928,0.1289397776126861,0.1344114243984222,0.0299480501562356,-0.0684359669685363,-0.0879663676023483,-0.1123343631625175,0.1024617478251457,0.1794493198394775,0.0749514997005462,0.1362405866384506,0.1503330618143081,0.0324285551905632,-0.0682668387889862,-0.0138950161635875,-0.0038920822553336,-0.0144633632153272,-0.0041691116057336,0
-316.95758056640625,140.60443115234375,2.0043303966522217,30.87419891357422,-1.7328648567199707,-20.98813819885254,-10.9175443649292,-1.3284201622009275,-21.644392013549805,-3.532625198364258,-2.778326988220215,-17.66407585144043,-15.352153778076172,1.253278732299805,0.5266987681388855,-0.224026009440422,0.0239138472825288,-0.1494006514549255,-0.1116036027669906,-0.0828292518854141,-0.0060027237050235,0.078519083559513,-0.0030906544998288,0.0211551208049058,0.0853301435708999,-0.0012817741371691,0.5448926091194153,0.3257445991039276,0.0688496306538581,0.1457802206277847,0.1108805909752845,0.0438583344221115,0.0069513721391558,0.0236394256353378,0.0260171331465244,0.0181138459593057,-0.0042379908263683,-0.0170702692121267,-0.0252932198345661,0
-196.77542114257807,104.03113555908205,-73.25719451904297,-29.08112144470215,-24.53632926940918,-20.72488212585449,-21.445507049560547,-39.13943862915039,-27.0766716003418,-15.935632705688477,-14.002279281616213,-13.979018211364746,-11.083441734313965,-13.98759937286377,0.9015629291534424,-3.256009817123413,-1.871245622634888,-1.896856665611267,-2.107788562774658,0.2955970168113708,-0.3617856800556183,-0.8096657991409302,-0.1932245939970016,2.47725248336792,0.6736167669296265,2.2237558364868164,-6.834991455078125,0.6107991337776184,2.0445423126220703,0.6244415640830994,0.9076010584831238,-0.2425784021615982,-0.1718442291021347,-0.1437213569879531,-0.5504429936408997,-0.3046962022781372,-0.1506752371788025,-0.0013052471913397,-0.102678969502449,1
-215.29269409179688,102.15206909179688,-9.881743431091309,-1.2169177532196045,4.638521194458008,0.980202615261078,-0.0947451069951057,0.5069172978401184,-31.659948348999023,-7.699650287628174,6.2862229347229,-0.0779490917921066,-8.71872615814209,-7.65875244140625,-0.1675781011581421,1.6716980934143066,0.3474190533161163,-0.2561715543270111,1.4248526096343994,0.4984173476696014,0.2134298235177993,0.4094039499759674,0.6791911721229553,0.2290950119495391,0.3015802204608917,0.1555471420288086,-4.113080024719238,0.2272731661796569,0.0520214661955833,0.1871382892131805,0.1650000363588333,-0.3569332957267761,-0.0299587920308113,-0.3546278178691864,-0.0206771288067102,-0.2561998069286346,-0.0439831763505935,0.0030976070556789,0.0665632858872413,1
-480.1556091308594,85.8954849243164,-38.31721496582031,47.42002868652344,-13.302597999572754,0.7927492260932922,-9.669095039367676,-5.355371952056885,-1.0355466604232788,1.275715947151184,-3.6181390285491934,-8.733192443847656,-2.0377821922302246,0.132937878370285,0.2407322376966476,0.1120813339948654,0.1030386388301849,0.159569501876831,0.0540264919400215,0.0406810566782951,-0.072023756802082,-0.0165041759610176,0.0297759752720594,-0.0060805976390838,0.012270713225007,0.0177122969180345,-0.0249145869165658,0.0199039746075868,0.0061925048939883,-0.0078121190890669,0.0336686745285987,0.0046463417820632,-0.0153562081977725,-0.0152059225365519,0.0020001083612442,-0.0032004273962229,-0.0136981820687651,0.0149637525901198,0.0410959385335445,0
-236.1407623291016,52.133888244628906,-16.050752639770508,7.51600170135498,-13.637967109680176,-6.713934421539307,-35.408599853515625,-23.1848258972168,-4.349287509918213,5.172304153442383,-30.94850730895996,-7.003766536712647,-11.892252922058104,-16.754039764404297,0.0019755642861127,3.771748781204224,1.8322683572769165,2.155977249145508,0.5207162499427795,0.1610205024480819,-0.183258980512619,-0.8328797221183777,-0.7036299705505371,0.1068057417869567,-0.7895779609680176,-0.1128719449043273,-1.075155258178711,-0.826245903968811,-1.0475432872772217,-0.0014695945428684,-0.2391905188560485,-0.1098452433943748,0.4271714389324188,0.0621059350669384,-0.1271193176507949,0.4729709029197693,0.1489496082067489,0.1265536546707153,0.0763648003339767,1
-269.1366577148437,96.19103240966795,-18.249509811401367,46.07904052734375,-35.234127044677734,6.114896774291992,-5.654858112335205,3.415045022964477,-21.50239562988281,5.00360631942749,-11.06717586517334,-15.653597831726074,-1.5589009523391724,0.9175177812576294,-0.0120436111465096,-0.109288789331913,0.0485798455774784,-0.0122096501290798,0.2114224880933761,-0.0673089101910591,-0.2394580245018005,-0.1101782545447349,-0.0091749047860503,-0.1746846437454223,-0.1726416796445846,-0.0608360134065151,1.1446090936660769,0.0295852962881326,-0.2088795751333236,0.0357113815844059,-0.1709775775671005,0.0039451164193451,-0.0127054108306765,0.0687596276402473,-0.0769257918000221,0.0444553419947624,0.0231909453868865,-0.1302372068166732,0.039209596812725,0
-168.2452392578125,146.40536499023438,-4.131894111633301,-44.458229064941406,-29.65331077575684,-24.740129470825195,-28.13235282897949,-27.41701889038086,-24.65591812133789,-19.81456756591797,-42.78163909912109,-12.532851219177246,-7.140733242034912,-6.129167556762695,1.1711113452911377,-0.2623063027858734,2.744224548339844,-0.8624250292778015,0.4575687348842621,1.6847357749938965,1.6809028387069702,0.3215281963348388,1.263249397277832,0.8951906561851501,0.3598278164863586,-0.9240110516548156,-7.036531925201416,-1.1291502714157104,0.936893105506897,-0.7705075740814209,0.6890883445739746,0.3982720077037811,0.0995623990893364,0.1043960452079773,-0.1855856925249099,0.0222542621195316,0.2674825191497803,-0.0031162500381469,-0.2430662363767624,1
-347.99951171875,82.4255142211914,-48.82574081420898,32.72208404541016,-3.825326442718506,-2.313255071640014,-19.622879028320312,-12.676525115966797,-13.78781032562256,-14.166929244995115,1.613224744796753,-14.838747024536133,-4.277045249938965,0.0077292416244745,0.1197367385029792,0.1048713102936744,-0.0408418886363506,0.013260269537568,0.0188338048756122,-0.114126056432724,-0.1266695410013198,-0.0793729424476623,-0.12940314412117,-0.1004167348146438,0.0014528421452268,0.0095014451071619,-0.1072361841797828,-0.0707344934344291,-0.0319766104221344,-0.0668093413114547,-0.0113162640482187,0.0644818320870399,0.0402089692652225,-0.0124262068420648,0.0303904041647911,-0.0111226793378591,-0.0721890404820442,-0.021795742213726,-0.0224382225424051,0
-125.42996215820312,69.11943817138672,-69.65472412109375,-22.88044548034668,-41.7929573059082,-15.207274436950684,-24.756141662597656,-22.09392547607422,-32.23485565185547,-9.06818389892578,-5.719829082489014,3.0951483249664307,-9.358610153198242,-1.956345558166504,-0.0407411269843578,-0.2543582618236542,-0.3024546205997467,0.1155476868152618,-0.0751795843243599,-0.1273009032011032,0.4760825634002685,0.3052082359790802,-0.070406287908554,0.3249745368957519,0.2261971831321716,0.081150859594345,-1.4589414596557615,0.0565541461110115,-0.1759564280509948,-0.0074881478212773,-0.0440392978489398,-0.1749131977558136,0.0507129319012165,-0.0289424657821655,-0.0347248166799545,-0.0263828840106725,0.0256466958671808,0.0825832560658454,0.12669637799263,1
-351.9556884765625,64.63008880615234,-41.938751220703125,41.56947326660156,-22.795469284057617,3.854959726333618,-15.395218849182127,-24.496654510498047,-10.928929328918455,-4.309816837310791,1.0597506761550903,-3.4044454097747803,-3.778552770614624,-1.386702537536621,-1.341943383216858,0.0096423057839274,0.1856483668088913,0.2096069455146789,0.6240336298942566,0.5949661135673523,0.4430710673332214,-0.250238686800003,-0.2835241258144378,-0.2980281114578247,0.0649271681904792,0.3582242429256439,-2.153959035873413,0.0498701818287372,0.8052051663398743,-0.4567475020885467,-0.0405566319823265,-0.5836250185966492,0.019540499895811,0.0907457545399665,0.084337405860424,0.1002689525485038,0.2104823887348175,0.2036839723587036,-0.1827875077724456,1
-215.43138122558597,143.82008361816406,-22.3194522857666,-11.101798057556152,-5.5024919509887695,-17.37023162841797,-33.43260192871094,-16.369117736816406,-43.3618049621582,-25.0203800201416,-28.63656616210937,-11.766079902648926,-7.457570552825928,1.9682811498641968,-0.751966655254364,-2.656090497970581,-0.1647801846265792,0.954482913017273,1.1300511360168457,0.6058844327926636,0.6786267757415771,1.3179333209991455,0.2745798230171203,0.4950221180915832,0.0078032212331891,0.0533957295119762,-2.3144779205322266,-0.9392433166503906,1.0095856189727783,0.4263226985931396,-0.3820405304431915,0.131697416305542,0.4400053322315216,-0.1708798855543136,0.3681462109088897,-0.0330361612141132,0.1688420623540878,0.1090159937739372,0.2566336095333099,1
-358.4246520996094,61.75004577636719,-68.10071563720703,25.42474174499512,-22.724857330322266,12.338061332702637,-22.72498893737793,-15.504369735717772,-27.39304542541504,-3.7161598205566406,4.8452558517456055,-14.050528526306152,-4.912585735321045,-2.2645516395568848,-0.9464014172554016,-0.5132914781570435,-0.900528073310852,-0.1643642336130142,-0.404013842344284,0.4690397679805755,-0.1583990007638931,0.0590412132441997,0.2296900004148483,0.1611182540655136,0.8736121654510498,0.2192154973745346,-0.4473789632320404,-0.1368526220321655,-0.0971312150359153,-0.033519446849823,0.3222909867763519,0.1922166049480438,0.1557835936546325,0.0934768170118331,0.0642997249960899,-0.1724384576082229,-0.1982794106006622,0.0677472501993179,0.20433010160923,1
-292.3181457519531,85.50615692138672,-35.90775680541992,25.452287673950195,-25.398887634277344,18.848451614379883,-29.345314025878903,-4.645117282867432,-26.283180236816406,-20.187389373779297,-11.666245460510254,-12.3320951461792,-6.810146808624268,-0.612095057964325,-0.654511034488678,-0.4936834573745727,0.0548226609826087,0.2586043179035187,-0.1002715304493904,-0.0308598708361387,-0.2119323313236236,-0.0438469089567661,0.1432790160179138,0.01563879288733,-0.0462890118360519,0.0072977324016392,0.3785035312175751,0.41570645570755,-0.2865954637527466,-0.1597474962472915,-0.0801588147878646,-0.3554706871509552,-0.0897016525268554,-0.1427650898694992,0.1605984270572662,0.1273505091667175,0.1227222979068756,0.1891293376684188,0.0632424652576446,1
-287.7462158203125,62.51778030395508,-64.80691528320312,39.80215835571289,-27.07350349426269,24.74479103088379,-35.47811508178711,-3.983144521713257,-23.682302474975582,-3.6595540046691895,3.2499845027923584,-23.689531326293945,5.935413837432861,1.66636323928833,0.0735702738165855,-0.2752332389354706,-0.0629300773143768,-0.2393275052309036,0.5824044942855835,-0.1236815676093101,-0.3624104261398315,0.028163343667984,0.2164684683084488,-0.1264010667800903,-0.1437401622533798,0.1227726638317108,-0.2750533819198608,0.2057689279317855,0.1826208978891372,-0.14110167324543,0.2557202577590942,-0.0587193593382835,0.1529197096824646,0.0176349207758903,-0.0307030994445085,-0.0332562066614627,0.0154796652495861,0.0101498831063508,-0.0626906156539917,0
-222.19436645507807,60.43439865112305,-7.492331027984619,-1.9142712354660036,-19.7952938079834,-10.722294807434082,-19.960351943969727,-21.92893409729004,-25.155431747436523,-2.388242483139038,-11.014284133911133,-12.441561698913574,-11.380677223205566,0.654876172542572,-0.5924236178398132,0.8432790637016296,0.2632199823856354,1.0419762134552002,0.4986884295940399,0.2116890847682953,1.0091946125030518,0.5396698713302612,0.1500288248062133,-0.5995205640792847,0.0037634882610291,0.1063006371259689,0.7413356900215149,-0.2856722176074981,-0.1411920934915542,0.0921690836548805,-0.032022338360548,0.0915911942720413,-0.0702855437994003,0.0588259510695934,-1.1137553883600049e-05,0.2601458132266998,-0.0136643480509519,-0.2482060045003891,-0.0816306844353675,1
-402.82763671875,115.34512329101562,-55.84774398803711,38.69699096679688,-14.993969917297363,-15.431330680847168,-13.20697784423828,-19.11188125610352,2.1675894260406494,-3.1756012439727783,-9.024913787841797,-3.9303672313690186,-6.170171737670898,0.0517580918967723,0.050919309258461,-0.0095674004405736,-0.0235809609293937,0.0190851911902427,0.0407546237111091,0.0295362342149019,0.0146494219079613,0.0111932018771767,0.0018862719880416,0.0196623522788286,0.0295337606221437,0.0147259598597884,0.0066339173354208,0.0038085984997451,0.0044991304166615,0.0061348346062004,-0.0054452908225357,-0.0130053218454122,-0.0087144328281283,-0.0035883891396224,-0.0028942031785845,-0.0058262422680854,-0.0125397397205233,-0.001474036485888,0.009193698875606,0
-241.8424072265625,18.193553924560547,-35.49386215209961,-9.163836479187012,-19.06284523010254,2.43689489364624,-13.540780067443848,-1.2359389066696167,-13.272769927978516,15.024765014648438,-10.208694458007812,-18.20090675354004,-8.875016212463379,-1.0009863376617432,2.4692413806915283,0.7996256351470947,-0.84377521276474,0.1634927839040756,-0.4925325214862823,-0.1001195684075355,-0.185948833823204,-0.4912179410457611,0.0531431697309017,0.0509355030953884,-0.12751105427742,-0.3898746967315674,-1.59819495677948,-0.1028010249137878,0.10305917263031,0.0917854532599449,-0.0249984394758939,0.3162961900234222,-0.038617268204689,-0.2136127948760986,0.2317646592855453,-0.1948803067207336,0.1042089760303497,-0.0017261228058487,0.2820496261119842,1
-251.67079162597656,115.92870330810548,20.44624137878418,9.437206268310549,15.91721534729004,10.967273712158203,-2.7844996452331543,-0.0172720123082399,2.964009523391724,-2.83036208152771,-10.10575008392334,1.2307727336883545,-0.0241651330143213,-6.193817615509033,0.461567759513855,1.890143871307373,0.7613045573234558,0.0554402098059654,0.3333873152732849,0.3496285676956177,0.6438480019569397,0.2147713303565979,-0.1154636591672897,0.3267476856708526,0.1070396676659584,0.2533170580863952,-3.165863513946533,-0.8719021081924438,0.3794909119606018,-0.3234399855136871,0.2403901815414428,0.04754189401865,-0.1613098084926605,-0.1251962035894394,-0.1964042633771896,0.0920758172869682,-0.0493769869208335,-0.2190153896808624,-0.1548866480588913,1
-266.724609375,26.629886627197266,-66.89298248291016,79.77919006347656,-41.28258895874024,40.33406829833984,-21.71316719055176,14.797064781188965,-16.189327239990234,7.6663055419921875,2.288785934448242,0.359136164188385,10.035831451416016,0.1476648151874542,-0.078777402639389,0.0530254691839218,0.1224297061562538,0.0944590643048286,-0.0167204458266496,-0.0694388672709465,0.054907102137804,-0.1836269199848175,0.1627860516309738,0.0498169809579849,-0.0588387846946716,0.0455953367054462,-0.6538548469543457,0.188307300209999,0.3602898716926574,-0.2767192721366882,0.0915580689907074,0.1107222214341163,0.0662528499960899,0.0397756360471248,-0.0791785195469856,-0.1811387836933136,-0.0073112528771162,0.0661483332514762,0.076416328549385,0
-196.84397888183597,67.73278045654297,-26.480222702026367,40.3052864074707,-10.588741302490234,17.2464542388916,-13.113086700439451,-22.783884048461918,-6.244014739990234,-1.067809820175171,-8.521733283996582,-1.7097584009170532,-3.3467013835906982,-4.739993095397949,-0.1033653169870376,-0.1054776683449745,-0.4940241575241089,1.4333415031433103,1.8315144777297971,3.0631604194641118,2.1987287998199463,0.2319136708974838,0.7097592353820801,-0.0441981665790081,-0.2828570902347564,0.4116705060005188,-1.3396189212799072,-0.132330521941185,0.1118174716830253,0.1227887123823165,0.2287658452987671,-0.2889410257339477,-0.1260566860437393,-0.1928169429302215,-0.0627506077289581,-0.1918614357709884,-0.2349479049444198,-0.19926618039608,-0.132950872182846,1
-284.61260986328125,127.89491271972656,-19.289945602416992,14.283000946044922,14.702094078063965,9.112337112426758,-16.373140335083008,-28.4833984375,-14.445932388305664,-2.378462076187134,-2.95985746383667,-6.259943008422852,-3.0901944637298584,-0.6010349988937378,-0.685253381729126,-0.355848103761673,-0.0682368502020835,0.0263775344938039,-0.0208512563258409,0.0665712729096412,0.1248907670378685,0.0095861423760652,0.0056635928340256,0.0440877638757228,0.0086505245417356,0.0719939693808555,-0.4239746630191803,-0.2352514117956161,0.138802021741867,0.0154053019359707,-0.069620631635189,0.0142490789294242,-0.0091171320527791,-0.0578362569212913,0.007527791429311,0.0170227009803056,-0.0119303809478878,0.0278810840100049,-0.0043267332948744,0
-344.3612670898437,67.96623992919922,-18.66231346130371,37.45183944702149,-1.9396560192108157,21.75122833251953,-13.312976837158203,1.3818665742874146,-21.72858619689941,5.999788284301758,-7.766807556152344,-12.122117042541504,-2.5008111000061035,0.1245745196938514,0.0402532629668712,-0.029876708984375,-0.0343168191611766,-0.0813147723674774,-0.0145611623302102,-0.0503466390073299,0.0044873827137053,-0.0104239797219634,-0.0574688836932182,0.0236307550221681,-0.0783838033676147,-0.0449064038693904,-0.3855059742927551,0.0371340475976467,0.0057407720014452,0.0091491090133786,0.1976321190595626,-0.0338173024356365,0.0739286765456199,-0.0696904063224792,0.0162543058395385,-0.0777669250965118,-0.0265706703066825,0.0395077615976333,0.0204595644026994,0
-96.7849349975586,87.15768432617188,-65.045166015625,-21.45990753173828,-32.699920654296875,-35.675071716308594,-24.730579376220703,-5.972386837005615,-38.63404846191406,-14.619303703308104,-11.030302047729492,13.43319606781006,-9.825199127197266,-11.11988353729248,0.3719711303710937,-0.2829136550426483,-1.6124347448349,-0.3273808360099792,-0.406823456287384,0.500563383102417,0.643528163433075,0.1435538232326507,-0.9023545980453492,0.1217054352164268,0.0490215569734573,0.4014033079147339,-5.449122905731201,-0.2419603615999221,-0.0312789157032966,-0.0459838286042213,0.0035150421317666,-0.1428165584802627,-0.0029590129852294,-0.1156012713909149,0.3713982105255127,-0.2634544968605041,0.431977778673172,0.0567811988294124,0.3039470016956329,1
-229.34524536132807,118.21508026123048,-41.22230529785156,-6.811421871185303,-45.0132064819336,25.591089248657227,-52.240718841552734,5.717652797698975,-32.242156982421875,15.581900596618652,-14.519235610961914,-8.800996780395508,16.841262817382812,-8.337605476379395,-4.009393215179443,-1.900701642036438,-4.916390419006348,-2.046966791152954,-0.7835391163825989,-0.1783398240804672,0.2776534855365753,0.6826336979866028,0.6809676885604858,0.807127833366394,0.3658695220947265,2.0309243202209477,-4.630665302276611,-0.3963403105735779,0.8495743870735168,-0.4219627976417541,0.632192075252533,-0.553441047668457,0.077838197350502,-0.5674846768379211,0.2499514073133468,-0.2657698690891266,-0.1444822698831558,0.5054198503494263,0.0657531917095184,1
-332.0750427246094,68.00214385986328,-10.801691055297852,-10.325703620910645,-17.020862579345703,3.2300140857696533,-3.927526473999024,-5.859392166137695,-10.606143951416016,3.9618871212005615,-13.815187454223633,-4.566582679748535,-15.501483917236328,-2.4462890625,0.4024539291858673,-1.512157917022705,-0.3329414427280426,0.2341265827417373,0.9881922602653505,0.2870894372463226,0.0113824028521776,-0.2677037715911865,0.4043375849723816,-0.3027655184268951,-0.2657361924648285,-0.1577056348323822,-5.73366641998291,-0.6631121039390564,0.0771534368395805,0.0895880758762359,0.1982523798942566,0.2131482362747192,-0.1999211907386779,-0.09183169901371,0.0375222191214561,0.1920014917850494,0.1563269048929214,0.1584752351045608,0.5321583151817322,1
-131.2086639404297,102.51091766357422,-35.56824493408203,-23.001840591430664,-11.792348861694336,-16.727563858032227,-18.094379425048828,-7.240550518035889,-12.340051651000977,-1.5549890995025637,-22.999574661254883,8.512030601501465,3.3085649013519287,-19.15384864807129,0.917813003063202,0.1820992082357406,-2.648353099822998,-0.548620879650116,1.0511257648468018,1.1339032649993896,1.1591330766677856,3.097600221633911,2.027456521987915,1.402027249336243,2.2356362342834477,3.0611367225646973,-10.147505760192873,-1.0238893032073977,-0.0554126910865306,1.3818591833114624,-0.0783227831125259,0.012795022688806,0.0643325224518776,-0.7851272821426392,-0.3312465250492096,-0.6715432405471802,0.947036862373352,0.5532543659210205,-0.9660243988037108,1
-326.434814453125,112.73054504394533,-13.089611053466797,54.38930892944336,-2.026925802230835,-13.468067169189451,-6.244798183441162,-7.091143608093262,-7.323607444763184,-0.0598601959645748,0.5416128039360046,-0.2336862534284591,-1.1344566345214844,1.2995377779006958,0.8087359070777893,0.1829600930213928,0.762874186038971,0.2099528610706329,-0.3033159673213959,-0.0708952322602272,0.0299306735396385,-0.0363505370914936,-0.4032647311687469,-0.090235523879528,0.0689538046717643,-0.238077312707901,-1.1400184631347656,-0.4255083799362182,0.3517494201660156,-0.1927274912595749,0.1072941944003105,0.2786102890968323,0.1360844671726226,0.1098707765340805,-0.1273670494556427,0.021730188280344,0.0237285438925027,-0.1111389547586441,-0.0228408519178628,0
-407.4898986816406,63.24489212036133,-39.00249862670898,28.7545108795166,-21.01498031616211,9.14012622833252,-24.978132247924805,-15.572831153869627,-15.977190017700195,-17.188322067260742,-3.7678046226501465,-13.608534812927246,-2.752681970596313,-3.550673246383667,-2.455999851226806,-0.4442881643772125,0.0230057574808597,0.4908778965473175,0.1372334212064743,0.4059669375419616,0.0005828593857586,-0.2185819894075393,0.2855633497238159,0.3053208291530609,-0.0845820754766464,0.2965001761913299,0.2057731598615646,0.1662343740463256,-0.2032741010189056,-0.267497569322586,-0.176141083240509,-0.1092304214835167,0.0142488908022642,-0.1862209737300872,0.002223175484687,0.0801737010478973,-0.0354089476168155,0.0876379534602165,-0.0389286093413829,1
-238.1793975830078,117.18313598632812,-39.003509521484375,8.831315994262695,-47.33023834228516,21.74834251403809,-46.82260894775391,4.971261978149414,-29.541824340820312,15.220647811889648,-10.982763290405272,-7.612893581390381,13.179373741149902,-6.980536460876465,-2.320621490478516,-0.6175438165664673,-4.318295478820801,-1.4122711420059204,-0.85142982006073,-0.3710334897041321,0.3065401315689087,0.0767426639795303,0.445258229970932,0.5802301168441772,0.3586225509643554,1.2302374839782717,-5.920184135437012,-0.4770575165748596,1.4097028970718384,-0.6704695224761963,0.6016460061073303,-0.4428387880325317,0.2858273684978485,-0.3185865879058838,0.5939424633979797,-0.1770574897527694,0.2454252243041992,0.4412019848823547,0.096450887620449,1
-298.7038879394531,106.95713806152344,-49.11586380004883,45.322303771972656,-0.5431514978408813,-12.847326278686523,-25.222347259521484,-18.86358070373535,-18.853649139404297,-6.235315322875977,-13.0079984664917,-11.323748588562012,-4.422451972961426,-0.070648193359375,0.0164494030177593,0.1579480618238449,0.1348767578601837,0.1047778129577636,0.1675102412700653,0.2067295014858245,0.1729328036308288,0.1164844036102294,0.0491381846368312,-0.0248010288923978,-0.0610182210803031,-0.0497687980532646,0.0180026534944772,0.0161938667297363,0.0158086903393268,0.0363918170332908,0.0581695921719074,0.0845111757516861,0.0918918848037719,0.0573419332504272,0.0384321995079517,0.064073346555233,0.0693654268980026,0.0283474419265985,-0.0080856131389737,0
-102.39686584472656,131.28274536132812,-92.39364624023438,56.77611541748047,-44.74544143676758,-7.7312331199646,-29.159141540527344,-12.28709888458252,0.8368421196937561,5.934461116790772,-5.743175506591797,-16.279048919677734,-10.733792304992676,-13.56548309326172,0.085853487253189,3.826787233352661,-0.707447350025177,2.836648941040039,1.1146552562713623,2.826716661453247,-1.7107683420181274,0.6580360531806946,1.5025297403335571,0.4338895678520202,0.4100851416587829,0.7073326706886292,-7.0991740226745605,-0.5134581923484802,0.2385419160127639,-1.6870551109313965,1.6792608499526978,-1.2505459785461426,0.1619520187377929,-0.2394032925367355,0.1530679762363433,0.2016663998365402,-0.085161879658699,-0.1183057874441146,-0.1229789033532142,1
-298.9926147460937,103.80870056152344,-48.74617004394531,32.152706146240234,-21.015443801879883,6.036920547485352,-14.976144790649414,-4.7984232902526855,-26.128908157348636,-4.681345939636231,4.9749274253845215,-24.688526153564453,6.455865859985352,-0.0754194557666778,-0.0149817168712615,0.0298285409808158,-0.0286305118352174,0.0216422006487846,0.0050272052176296,-0.006546710152179,0.0686110705137252,0.0923946276307106,0.0943221375346183,0.0249772146344184,0.0136936856433749,-0.0592786818742752,-0.2078872472047805,-0.0432207137346267,-0.0424220636487007,-0.0920106023550033,-0.0242904908955097,-0.1005729660391807,0.0219295844435691,-0.0150833101943135,0.0001703224552329,-0.0273484215140342,-0.0068900207988917,0.0918989479541778,0.0167003590613603,0
-310.9818725585937,105.16010284423828,-4.466414928436279,14.639912605285645,-32.29492950439453,-10.91263198852539,-18.105234146118164,0.8013935685157776,-9.07514476776123,-3.633590221405029,-18.287471771240234,-13.918746948242188,-2.816462993621826,0.250786155462265,0.1920171827077865,-0.1567407995462417,-0.1802939623594284,-0.1125551238656044,-0.0666261091828346,0.1282552927732467,0.025336317718029,-0.0537600815296173,0.1031932085752487,0.0538274385035038,-0.0509348809719085,0.0325607806444168,-0.1638053357601165,0.0281388256698846,0.0897347554564476,-0.0715864226222038,-0.0609596818685531,0.0034303350839763,0.0789782777428627,-0.0101389437913894,0.0110513400286436,0.0586076639592647,-0.0324660949409008,-0.0367036126554012,0.026512186974287,0
